{"cameraMode":{"drawMode":0,"name":"Shaded","section":"Shading Mode"},"sceneLighting":false,"audioPlay":false,"sceneViewState":{"showFog":true,"showMaterialUpdate":false,"showSkybox":false,"showFlares":true,"showImageEffects":true,"showParticleSystems":true},"in2DMode":false,"pivot":{"x":0.0828777626156807,"y":-0.027574332430958749,"z":0.0},"rotation":{"x":-0.003127588890492916,"y":0.9955745935440064,"z":-0.08683405816555023,"w":-0.03585585951805115},"size":0.7986500859260559,"orthographic":true}