{"cameraMode":{"drawMode":0,"name":"Shaded","section":"Shading Mode"},"sceneLighting":false,"audioPlay":false,"sceneViewState":{"showFog":true,"showMaterialUpdate":false,"showSkybox":false,"showFlares":true,"showImageEffects":true,"showParticleSystems":true},"in2DMode":false,"pivot":{"x":0.726287841796875,"y":0.6910400390625,"z":0.01611328125},"rotation":{"x":-0.16413627564907075,"y":-0.0372561439871788,"z":0.006200899835675955,"w":-0.9857216477394104},"size":3.139648199081421,"orthographic":true}