{"cameraMode":{"drawMode":0,"name":"Shaded","section":"Shading Mode"},"sceneLighting":false,"audioPlay":false,"sceneViewState":{"showFog":true,"showMaterialUpdate":false,"showSkybox":false,"showFlares":true,"showImageEffects":true,"showParticleSystems":true},"in2DMode":false,"pivot":{"x":-0.45631417632102969,"y":-0.27760887145996096,"z":0.3708333969116211},"rotation":{"x":0.3321617543697357,"y":-0.04525090008974075,"z":0.01595715619623661,"w":0.9420030117034912},"size":3.83927845954895,"orthographic":false}